{"x/lr1":0.00332579185520362,"x/lr2":0.07006787330316742,"_wandb":{"runtime":79},"x/lr0":0.00332579185520362,"metrics/mAP_0.5":0.005934929910970779,"metrics/mAP_0.5:0.95":0.0011034563298338068,"metrics/precision":0.009076231962532953,"_timestamp":1.748332585660407e+09,"val/obj_loss":0.010730573907494545,"train/obj_loss":0.2557302713394165,"metrics/recall":0.09446000622471211,"_step":0,"val/cls_loss":0.03844611719250679,"train/cls_loss":0.04138388857245445,"train/box_loss":0.06465072184801102,"_runtime":78.825503,"val/box_loss":0.08587517589330673,"Mosaics":{"captions":["train_batch0.jpg","train_batch1.jpg","train_batch2.jpg","train_batch3.jpg","train_batch4.jpg","train_batch5.jpg","train_batch6.jpg","train_batch7.jpg","train_batch8.jpg","train_batch9.jpg"],"_type":"images/separated","width":1280,"height":1280,"format":"jpg","count":10,"filenames":["media/images/Mosaics_0_c2e5a1f71c9c8e7c21be.jpg","media/images/Mosaics_0_4ec0ad1231d0ef813054.jpg","media/images/Mosaics_0_8f4e234a9abebbf1d2e0.jpg","media/images/Mosaics_0_6efda480a3006842019c.jpg","media/images/Mosaics_0_8ced7f3a08b1ae08a613.jpg","media/images/Mosaics_0_46fe3ae8d194316581be.jpg","media/images/Mosaics_0_274f6544c8986458b915.jpg","media/images/Mosaics_0_cf2649a96d86f3e28182.jpg","media/images/Mosaics_0_1d7cfee881e8d9d81731.jpg","media/images/Mosaics_0_351f7cf85088ea815562.jpg"]}}